{"v":"4.8.0","meta":{"g":"LottieFiles AE 3.3.6","a":"","k":"","d":"","tc":""},"fr":30,"ip":0,"op":121,"w":400,"h":400,"nm":"rain-of-stars","ddd":0,"assets":[{"id":"comp_0","layers":[{"ddd":0,"ind":1,"ty":4,"nm":"star Outlines","sr":1,"ks":{"o":{"a":0,"k":100,"ix":11},"r":{"a":0,"k":0,"ix":10},"p":{"a":0,"k":[200,200,0],"ix":2},"a":{"a":0,"k":[150,150,0],"ix":1},"s":{"a":0,"k":[135,135,100],"ix":6}},"ao":0,"shapes":[{"ty":"gr","it":[{"ind":0,"ty":"sh","ix":1,"ks":{"a":0,"k":{"i":[[0.308,0],[0.46,2.953],[-3.265,0.51],[0,0],[-0.507,-3.266],[3.265,-0.51],[0,0]],"o":[[-2.896,0],[-0.51,-3.265],[0,0],[3.28,-0.501],[0.51,3.264],[0,0],[-0.314,0.049]],"v":[[-17.565,8.939],[-23.469,3.877],[-18.48,-2.958],[16.634,-8.438],[23.469,-3.447],[18.48,3.387],[-16.634,8.867]],"c":true},"ix":2},"nm":"Path 1","mn":"ADBE Vector Shape - Group","hd":false},{"ty":"fl","c":{"a":0,"k":[0.964705942191,0.909803981407,0.474509833841,1],"ix":4},"o":{"a":0,"k":100,"ix":5},"r":1,"bm":0,"nm":"Fill 1","mn":"ADBE Vector Graphic - Fill","hd":false},{"ty":"tr","p":{"a":0,"k":[53.197,114.131],"ix":2},"a":{"a":0,"k":[0,0],"ix":1},"s":{"a":0,"k":[100,100],"ix":3},"r":{"a":0,"k":0,"ix":6},"o":{"a":0,"k":100,"ix":7},"sk":{"a":0,"k":0,"ix":4},"sa":{"a":0,"k":0,"ix":5},"nm":"Transform"}],"nm":"Group 1","np":2,"cix":2,"bm":0,"ix":1,"mn":"ADBE Vector Group","hd":false},{"ty":"gr","it":[{"ind":0,"ty":"sh","ix":1,"ks":{"a":0,"k":{"i":[[2.325,0],[0.766,0.326],[-1.295,3.04],[0,0],[-3.039,-1.294],[1.295,-3.04],[0,0]],"o":[[-0.783,0],[-3.04,-1.295],[0,0],[1.295,-3.04],[3.04,1.296],[0,0],[-0.97,2.273]],"v":[[-4.638,17.272],[-6.981,16.792],[-10.141,8.941],[-0.867,-12.82],[6.982,-15.978],[10.141,-8.128],[0.868,13.633]],"c":true},"ix":2},"nm":"Path 1","mn":"ADBE Vector Shape - Group","hd":false},{"ty":"fl","c":{"a":0,"k":[0.964705942191,0.909803981407,0.474509833841,1],"ix":4},"o":{"a":0,"k":100,"ix":5},"r":1,"bm":0,"nm":"Fill 1","mn":"ADBE Vector Graphic - Fill","hd":false},{"ty":"tr","p":{"a":0,"k":[139.913,49.462],"ix":2},"a":{"a":0,"k":[0,0],"ix":1},"s":{"a":0,"k":[100,100],"ix":3},"r":{"a":0,"k":0,"ix":6},"o":{"a":0,"k":100,"ix":7},"sk":{"a":0,"k":0,"ix":4},"sa":{"a":0,"k":0,"ix":5},"nm":"Transform"}],"nm":"Group 2","np":2,"cix":2,"bm":0,"ix":2,"mn":"ADBE Vector Group","hd":false},{"ty":"gr","it":[{"ind":0,"ty":"sh","ix":1,"ks":{"a":0,"k":{"i":[[2.325,0],[0.765,0.326],[-1.295,3.04],[0,0],[-3.039,-1.295],[1.295,-3.04],[0,0]],"o":[[-0.783,0],[-3.04,-1.295],[0,0],[1.297,-3.039],[3.04,1.295],[0,0],[-0.97,2.274]],"v":[[-2.312,11.813],[-4.655,11.332],[-7.814,3.482],[-3.194,-7.36],[4.655,-10.518],[7.814,-2.668],[3.194,8.174]],"c":true},"ix":2},"nm":"Path 1","mn":"ADBE Vector Shape - Group","hd":false},{"ty":"fl","c":{"a":0,"k":[0.964705942191,0.909803981407,0.474509833841,1],"ix":4},"o":{"a":0,"k":100,"ix":5},"r":1,"bm":0,"nm":"Fill 1","mn":"ADBE Vector Graphic - Fill","hd":false},{"ty":"tr","p":{"a":0,"k":[125.975,82.712],"ix":2},"a":{"a":0,"k":[0,0],"ix":1},"s":{"a":0,"k":[100,100],"ix":3},"r":{"a":0,"k":0,"ix":6},"o":{"a":0,"k":100,"ix":7},"sk":{"a":0,"k":0,"ix":4},"sa":{"a":0,"k":0,"ix":5},"nm":"Transform"}],"nm":"Group 3","np":2,"cix":2,"bm":0,"ix":3,"mn":"ADBE Vector Group","hd":false},{"ty":"gr","it":[{"ind":0,"ty":"sh","ix":1,"ks":{"a":0,"k":{"i":[[0,0],[90.766,0],[6.303,0.598],[0,0],[3.631,3.55],[0,0],[-12.625,1.835],[0,0],[-2.234,4.548],[0,0],[-5.644,-11.448],[0,0],[-5.026,-0.738]],"o":[[-19.306,79.298],[-6.482,0],[0,0],[0.857,-5.006],[0,0],[-9.134,-8.915],[0,0],[5.006,-0.738],[0,0],[5.644,-11.448],[0,0],[2.253,4.548],[0,0]],"v":[[131.632,-22.407],[-54.408,116.065],[-73.594,115.168],[-65.895,70.373],[-70.324,56.732],[-122.497,5.894],[-113.96,-20.393],[-41.863,-30.863],[-30.275,-39.3],[1.975,-104.617],[29.598,-104.617],[61.827,-39.3],[73.434,-30.863]],"c":true},"ix":2},"nm":"Path 1","mn":"ADBE Vector Shape - Group","hd":false},{"ty":"fl","c":{"a":0,"k":[0.980392216701,0.85882358925,0.105882360421,1],"ix":4},"o":{"a":0,"k":100,"ix":5},"r":1,"bm":0,"nm":"Fill 1","mn":"ADBE Vector Graphic - Fill","hd":false},{"ty":"tr","p":{"a":0,"k":[134.632,126.497],"ix":2},"a":{"a":0,"k":[0,0],"ix":1},"s":{"a":0,"k":[100,100],"ix":3},"r":{"a":0,"k":0,"ix":6},"o":{"a":0,"k":100,"ix":7},"sk":{"a":0,"k":0,"ix":4},"sa":{"a":0,"k":0,"ix":5},"nm":"Transform"}],"nm":"Group 4","np":2,"cix":2,"bm":0,"ix":4,"mn":"ADBE Vector Group","hd":false},{"ty":"gr","it":[{"ind":0,"ty":"sh","ix":1,"ks":{"a":0,"k":{"i":[[-5.65,-11.449],[0,0],[-5.017,-0.73],[0,0],[9.143,-8.912],[0,0],[-0.857,-4.997],[0,0],[11.301,5.942],[0,0],[4.487,-2.36],[0,0],[-2.158,12.584],[0,0],[3.631,3.539],[0,0],[-12.635,1.836],[0,0],[-2.244,4.546],[0,0]],"o":[[0,0],[2.244,4.546],[0,0],[12.635,1.836],[0,0],[-3.63,3.539],[0,0],[2.158,12.584],[0,0],[-4.488,-2.36],[0,0],[-11.301,5.942],[0,0],[0.857,-4.997],[0,0],[-9.143,-8.912],[0,0],[5.017,-0.73],[0,0],[5.651,-11.449]],"v":[[13.814,-128.755],[46.053,-63.432],[57.651,-55.005],[129.739,-44.531],[138.276,-18.255],[86.113,32.592],[81.683,46.227],[93.997,118.023],[71.646,134.262],[7.169,100.365],[-7.168,100.365],[-71.646,134.262],[-93.997,118.023],[-81.683,46.227],[-86.113,32.592],[-138.276,-18.255],[-129.739,-44.531],[-57.651,-55.005],[-46.052,-63.432],[-13.814,-128.755]],"c":true},"ix":2},"nm":"Path 1","mn":"ADBE Vector Shape - Group","hd":false},{"ty":"fl","c":{"a":0,"k":[0.976470648074,0.807843197093,0.105882360421,1],"ix":4},"o":{"a":0,"k":100,"ix":5},"r":1,"bm":0,"nm":"Fill 1","mn":"ADBE Vector Graphic - Fill","hd":false},{"ty":"tr","p":{"a":0,"k":[150.412,150.639],"ix":2},"a":{"a":0,"k":[0,0],"ix":1},"s":{"a":0,"k":[100,100],"ix":3},"r":{"a":0,"k":0,"ix":6},"o":{"a":0,"k":100,"ix":7},"sk":{"a":0,"k":0,"ix":4},"sa":{"a":0,"k":0,"ix":5},"nm":"Transform"}],"nm":"Group 5","np":2,"cix":2,"bm":0,"ix":5,"mn":"ADBE Vector Group","hd":false}],"ip":0,"op":99,"st":0,"bm":0}]}],"layers":[{"ddd":0,"ind":2,"ty":0,"nm":"Item","refId":"comp_0","sr":1,"ks":{"o":{"a":1,"k":[{"i":{"x":[0.833],"y":[0.833]},"o":{"x":[0.167],"y":[0.167]},"t":36,"s":[100]},{"t":54,"s":[0]}],"ix":11},"r":{"a":1,"k":[{"i":{"x":[0.833],"y":[0.833]},"o":{"x":[0.167],"y":[0.167]},"t":-44,"s":[0]},{"t":52,"s":[-159]}],"ix":10},"p":{"a":1,"k":[{"i":{"x":0.833,"y":0.833},"o":{"x":0.167,"y":0.167},"t":-44,"s":[55,-32,0],"to":[-27.323,18.977,0],"ti":[-14.571,-34.511,0]},{"t":52,"s":[60,194,0]}],"ix":2},"a":{"a":0,"k":[200,200,0],"ix":1},"s":{"a":1,"k":[{"i":{"x":[0.833,0.833,0.833],"y":[0.833,0.833,16.476]},"o":{"x":[0.333,0.333,0.333],"y":[0,0,0]},"t":4,"s":[13,13,100]},{"t":77,"s":[0,0,100]}],"ix":6}},"ao":0,"w":400,"h":400,"ip":0,"op":55,"st":-44,"bm":0},{"ddd":0,"ind":3,"ty":0,"nm":"Item","refId":"comp_0","sr":1,"ks":{"o":{"a":1,"k":[{"i":{"x":[0.833],"y":[0.833]},"o":{"x":[0.167],"y":[0.167]},"t":34,"s":[100]},{"t":52,"s":[0]}],"ix":11},"r":{"a":1,"k":[{"i":{"x":[0.833],"y":[0.833]},"o":{"x":[0.167],"y":[0.167]},"t":-46,"s":[0]},{"t":50,"s":[-127]}],"ix":10},"p":{"a":1,"k":[{"i":{"x":0.833,"y":0.833},"o":{"x":0.167,"y":0.167},"t":-46,"s":[331,-22,0],"to":[31.773,28.176,0],"ti":[-15.22,-36.046,0]},{"t":50,"s":[335,217,0]}],"ix":2},"a":{"a":0,"k":[200,200,0],"ix":1},"s":{"a":1,"k":[{"i":{"x":[0.833,0.833,0.833],"y":[0.833,0.833,14.889]},"o":{"x":[0.333,0.333,0.333],"y":[0,0,0]},"t":2,"s":[5,5,100]},{"t":75,"s":[0,0,100]}],"ix":6}},"ao":0,"w":400,"h":400,"ip":0,"op":53,"st":-46,"bm":0},{"ddd":0,"ind":4,"ty":0,"nm":"Item","refId":"comp_0","sr":1,"ks":{"o":{"a":1,"k":[{"i":{"x":[0.833],"y":[0.833]},"o":{"x":[0.167],"y":[0.167]},"t":12,"s":[100]},{"t":30,"s":[0]}],"ix":11},"r":{"a":1,"k":[{"i":{"x":[0.833],"y":[0.833]},"o":{"x":[0.167],"y":[0.167]},"t":-68,"s":[0]},{"t":28,"s":[159]}],"ix":10},"p":{"a":1,"k":[{"i":{"x":0.833,"y":0.833},"o":{"x":0.167,"y":0.167},"t":-68,"s":[195,-32,0],"to":[53,47,0],"ti":[-38,-90,0]},{"t":28,"s":[195,344,0]}],"ix":2},"a":{"a":0,"k":[200,200,0],"ix":1},"s":{"a":1,"k":[{"i":{"x":[0.833,0.833,0.833],"y":[0.833,0.833,16.476]},"o":{"x":[0.333,0.333,0.333],"y":[0,0,0]},"t":-20,"s":[13,13,100]},{"t":53,"s":[0,0,100]}],"ix":6}},"ao":0,"w":400,"h":400,"ip":0,"op":31,"st":-68,"bm":0},{"ddd":0,"ind":6,"ty":0,"nm":"Item","refId":"comp_0","sr":1,"ks":{"o":{"a":1,"k":[{"i":{"x":[0.833],"y":[0.833]},"o":{"x":[0.167],"y":[0.167]},"t":157,"s":[100]},{"t":175,"s":[0]}],"ix":11},"r":{"a":1,"k":[{"i":{"x":[0.833],"y":[0.833]},"o":{"x":[0.167],"y":[0.167]},"t":77,"s":[0]},{"t":173,"s":[-159]}],"ix":10},"p":{"a":1,"k":[{"i":{"x":0.833,"y":0.833},"o":{"x":0.167,"y":0.167},"t":77,"s":[55,-32,0],"to":[-27.323,18.977,0],"ti":[-14.571,-34.511,0]},{"t":173,"s":[60,194,0]}],"ix":2},"a":{"a":0,"k":[200,200,0],"ix":1},"s":{"a":1,"k":[{"i":{"x":[0.833,0.833,0.833],"y":[0.833,0.833,16.476]},"o":{"x":[0.333,0.333,0.333],"y":[0,0,0]},"t":125,"s":[13,13,100]},{"t":198,"s":[0,0,100]}],"ix":6}},"ao":0,"w":400,"h":400,"ip":77,"op":121,"st":77,"bm":0},{"ddd":0,"ind":7,"ty":0,"nm":"Item","refId":"comp_0","sr":1,"ks":{"o":{"a":1,"k":[{"i":{"x":[0.833],"y":[0.833]},"o":{"x":[0.167],"y":[0.167]},"t":155,"s":[100]},{"t":173,"s":[0]}],"ix":11},"r":{"a":1,"k":[{"i":{"x":[0.833],"y":[0.833]},"o":{"x":[0.167],"y":[0.167]},"t":75,"s":[0]},{"t":171,"s":[-127]}],"ix":10},"p":{"a":1,"k":[{"i":{"x":0.833,"y":0.833},"o":{"x":0.167,"y":0.167},"t":75,"s":[331,-22,0],"to":[31.773,28.176,0],"ti":[-15.22,-36.046,0]},{"t":171,"s":[335,217,0]}],"ix":2},"a":{"a":0,"k":[200,200,0],"ix":1},"s":{"a":1,"k":[{"i":{"x":[0.833,0.833,0.833],"y":[0.833,0.833,14.889]},"o":{"x":[0.333,0.333,0.333],"y":[0,0,0]},"t":123,"s":[5,5,100]},{"t":196,"s":[0,0,100]}],"ix":6}},"ao":0,"w":400,"h":400,"ip":75,"op":121,"st":75,"bm":0},{"ddd":0,"ind":8,"ty":0,"nm":"Item","refId":"comp_0","sr":1,"ks":{"o":{"a":1,"k":[{"i":{"x":[0.833],"y":[0.833]},"o":{"x":[0.167],"y":[0.167]},"t":133,"s":[100]},{"t":151,"s":[0]}],"ix":11},"r":{"a":1,"k":[{"i":{"x":[0.833],"y":[0.833]},"o":{"x":[0.167],"y":[0.167]},"t":53,"s":[0]},{"t":149,"s":[159]}],"ix":10},"p":{"a":1,"k":[{"i":{"x":0.833,"y":0.833},"o":{"x":0.167,"y":0.167},"t":53,"s":[195,-32,0],"to":[53,47,0],"ti":[-38,-90,0]},{"t":149,"s":[195,344,0]}],"ix":2},"a":{"a":0,"k":[200,200,0],"ix":1},"s":{"a":1,"k":[{"i":{"x":[0.833,0.833,0.833],"y":[0.833,0.833,16.476]},"o":{"x":[0.333,0.333,0.333],"y":[0,0,0]},"t":101,"s":[13,13,100]},{"t":174,"s":[0,0,100]}],"ix":6}},"ao":0,"w":400,"h":400,"ip":53,"op":121,"st":53,"bm":0},{"ddd":0,"ind":10,"ty":0,"nm":"Item","refId":"comp_0","sr":1,"ks":{"o":{"a":1,"k":[{"i":{"x":[0.833],"y":[0.833]},"o":{"x":[0.167],"y":[0.167]},"t":89,"s":[100]},{"t":107,"s":[0]}],"ix":11},"r":{"a":1,"k":[{"i":{"x":[0.833],"y":[0.833]},"o":{"x":[0.167],"y":[0.167]},"t":9,"s":[102]},{"t":105,"s":[261]}],"ix":10},"p":{"a":1,"k":[{"i":{"x":0.833,"y":0.833},"o":{"x":0.167,"y":0.167},"t":9,"s":[274,-28,0],"to":[-10.051,6.981,0],"ti":[-2.073,-4.909,0]},{"t":105,"s":[279,211,0]}],"ix":2},"a":{"a":0,"k":[200,200,0],"ix":1},"s":{"a":1,"k":[{"i":{"x":[0.833,0.833,0.833],"y":[1,1,1]},"o":{"x":[0.333,0.333,0.333],"y":[0,0,0]},"t":57,"s":[9,9,100]},{"t":113,"s":[0,0,100]}],"ix":6}},"ao":0,"w":400,"h":400,"ip":9,"op":108,"st":9,"bm":0},{"ddd":0,"ind":11,"ty":0,"nm":"Item","refId":"comp_0","sr":1,"ks":{"o":{"a":1,"k":[{"i":{"x":[0.833],"y":[0.833]},"o":{"x":[0.167],"y":[0.167]},"t":3,"s":[100]},{"t":21,"s":[0]}],"ix":11},"r":{"a":1,"k":[{"i":{"x":[0.833],"y":[0.833]},"o":{"x":[0.167],"y":[0.167]},"t":-77,"s":[0]},{"t":19,"s":[159]}],"ix":10},"p":{"a":1,"k":[{"i":{"x":0.833,"y":0.833},"o":{"x":0.167,"y":0.167},"t":-77,"s":[421,122,0],"to":[15.918,15.035,0],"ti":[-11.093,-26.272,0]},{"t":19,"s":[287,413,0]}],"ix":2},"a":{"a":0,"k":[200,200,0],"ix":1},"s":{"a":1,"k":[{"i":{"x":[0.833,0.833,0.833],"y":[0.833,0.833,16.476]},"o":{"x":[0.333,0.333,0.333],"y":[0,0,0]},"t":-29,"s":[13,13,100]},{"t":44,"s":[0,0,100]}],"ix":6}},"ao":0,"w":400,"h":400,"ip":0,"op":22,"st":-77,"bm":0},{"ddd":0,"ind":12,"ty":0,"nm":"Item","refId":"comp_0","sr":1,"ks":{"o":{"a":1,"k":[{"i":{"x":[0.833],"y":[0.833]},"o":{"x":[0.167],"y":[0.167]},"t":124,"s":[100]},{"t":142,"s":[0]}],"ix":11},"r":{"a":1,"k":[{"i":{"x":[0.833],"y":[0.833]},"o":{"x":[0.167],"y":[0.167]},"t":44,"s":[0]},{"t":140,"s":[159]}],"ix":10},"p":{"a":1,"k":[{"i":{"x":0.833,"y":0.833},"o":{"x":0.167,"y":0.167},"t":44,"s":[421,122,0],"to":[15.918,15.035,0],"ti":[-11.093,-26.272,0]},{"t":140,"s":[287,413,0]}],"ix":2},"a":{"a":0,"k":[200,200,0],"ix":1},"s":{"a":1,"k":[{"i":{"x":[0.833,0.833,0.833],"y":[0.833,0.833,16.476]},"o":{"x":[0.333,0.333,0.333],"y":[0,0,0]},"t":92,"s":[13,13,100]},{"t":165,"s":[0,0,100]}],"ix":6}},"ao":0,"w":400,"h":400,"ip":44,"op":121,"st":44,"bm":0},{"ddd":0,"ind":13,"ty":0,"nm":"Item","refId":"comp_0","sr":1,"ks":{"o":{"a":1,"k":[{"i":{"x":[0.833],"y":[0.833]},"o":{"x":[0.167],"y":[0.167]},"t":104,"s":[100]},{"t":122,"s":[0]}],"ix":11},"r":{"a":1,"k":[{"i":{"x":[0.833],"y":[0.833]},"o":{"x":[0.167],"y":[0.167]},"t":24,"s":[0]},{"t":120,"s":[159]}],"ix":10},"p":{"a":1,"k":[{"i":{"x":0.833,"y":0.833},"o":{"x":0.167,"y":0.167},"t":24,"s":[55,-32,0],"to":[-27.323,18.977,0],"ti":[-14.571,-34.511,0]},{"t":120,"s":[60,194,0]}],"ix":2},"a":{"a":0,"k":[200,200,0],"ix":1},"s":{"a":1,"k":[{"i":{"x":[0.833,0.833,0.833],"y":[0.833,0.833,16.476]},"o":{"x":[0.333,0.333,0.333],"y":[0,0,0]},"t":72,"s":[13,13,100]},{"t":145,"s":[0,0,100]}],"ix":6}},"ao":0,"w":400,"h":400,"ip":24,"op":123,"st":24,"bm":0},{"ddd":0,"ind":14,"ty":0,"nm":"Item","refId":"comp_0","sr":1,"ks":{"o":{"a":1,"k":[{"i":{"x":[0.833],"y":[0.833]},"o":{"x":[0.167],"y":[0.167]},"t":80,"s":[100]},{"t":98,"s":[0]}],"ix":11},"r":{"a":1,"k":[{"i":{"x":[0.833],"y":[0.833]},"o":{"x":[0.167],"y":[0.167]},"t":0,"s":[0]},{"t":96,"s":[41]}],"ix":10},"p":{"a":1,"k":[{"i":{"x":0.833,"y":0.833},"o":{"x":0.167,"y":0.167},"t":0,"s":[93,-26,0],"to":[23.153,20.532,0],"ti":[-21.4,-50.683,0]},{"t":96,"s":[101,213,0]}],"ix":2},"a":{"a":0,"k":[200,200,0],"ix":1},"s":{"a":1,"k":[{"i":{"x":[0.833,0.833,0.833],"y":[0.833,0.833,20.444]},"o":{"x":[0.333,0.333,0.333],"y":[0,0,0]},"t":48,"s":[7,7,100]},{"t":121,"s":[0,0,100]}],"ix":6}},"ao":0,"w":400,"h":400,"ip":0,"op":99,"st":0,"bm":0},{"ddd":0,"ind":15,"ty":0,"nm":"Item","refId":"comp_0","sr":1,"ks":{"o":{"a":1,"k":[{"i":{"x":[0.833],"y":[0.833]},"o":{"x":[0.167],"y":[0.167]},"t":80,"s":[100]},{"t":98,"s":[0]}],"ix":11},"r":{"a":1,"k":[{"i":{"x":[0.833],"y":[0.833]},"o":{"x":[0.167],"y":[0.167]},"t":0,"s":[0]},{"t":96,"s":[159]}],"ix":10},"p":{"a":1,"k":[{"i":{"x":0.833,"y":0.833},"o":{"x":0.167,"y":0.167},"t":0,"s":[-12,-17,0],"to":[-27.323,91.977,0],"ti":[82,-85,0]},{"t":96,"s":[42,385,0]}],"ix":2},"a":{"a":0,"k":[200,200,0],"ix":1},"s":{"a":1,"k":[{"i":{"x":[0.833,0.833,0.833],"y":[0.833,0.833,15.286]},"o":{"x":[0.333,0.333,0.333],"y":[0,0,0]},"t":48,"s":[6,6,100]},{"t":121,"s":[0,0,100]}],"ix":6}},"ao":0,"w":400,"h":400,"ip":0,"op":99,"st":0,"bm":0},{"ddd":0,"ind":16,"ty":0,"nm":"Item","refId":"comp_0","sr":1,"ks":{"o":{"a":1,"k":[{"i":{"x":[0.833],"y":[0.833]},"o":{"x":[0.167],"y":[0.167]},"t":102,"s":[100]},{"t":120,"s":[0]}],"ix":11},"r":{"a":1,"k":[{"i":{"x":[0.833],"y":[0.833]},"o":{"x":[0.167],"y":[0.167]},"t":22,"s":[0]},{"t":118,"s":[-127]}],"ix":10},"p":{"a":1,"k":[{"i":{"x":0.833,"y":0.833},"o":{"x":0.167,"y":0.167},"t":22,"s":[331,-22,0],"to":[31.773,28.176,0],"ti":[-15.22,-36.046,0]},{"t":118,"s":[335,217,0]}],"ix":2},"a":{"a":0,"k":[200,200,0],"ix":1},"s":{"a":1,"k":[{"i":{"x":[0.833,0.833,0.833],"y":[0.833,0.833,14.889]},"o":{"x":[0.333,0.333,0.333],"y":[0,0,0]},"t":70,"s":[5,5,100]},{"t":143,"s":[0,0,100]}],"ix":6}},"ao":0,"w":400,"h":400,"ip":22,"op":121,"st":22,"bm":0},{"ddd":0,"ind":17,"ty":0,"nm":"Item","refId":"comp_0","sr":1,"ks":{"o":{"a":1,"k":[{"i":{"x":[0.833],"y":[0.833]},"o":{"x":[0.167],"y":[0.167]},"t":80,"s":[100]},{"t":98,"s":[0]}],"ix":11},"r":{"a":1,"k":[{"i":{"x":[0.833],"y":[0.833]},"o":{"x":[0.167],"y":[0.167]},"t":0,"s":[0]},{"t":96,"s":[159]}],"ix":10},"p":{"a":1,"k":[{"i":{"x":0.833,"y":0.833},"o":{"x":0.167,"y":0.167},"t":0,"s":[195,-32,0],"to":[53,47,0],"ti":[-38,-90,0]},{"t":96,"s":[195,344,0]}],"ix":2},"a":{"a":0,"k":[200,200,0],"ix":1},"s":{"a":1,"k":[{"i":{"x":[0.833,0.833,0.833],"y":[0.833,0.833,16.476]},"o":{"x":[0.333,0.333,0.333],"y":[0,0,0]},"t":48,"s":[13,13,100]},{"t":121,"s":[0,0,100]}],"ix":6}},"ao":0,"w":400,"h":400,"ip":0,"op":99,"st":0,"bm":0}],"markers":[]}